FileName,Extension,Technology,Status,isBinary,Bytes,ContentType,ContentLines,CommentLines,BlankLines
/src/.DS_Store,ds_store,Other,OK,UNKNOWN,6148,Other,1,0,0
/src/main/.DS_Store,ds_store,Other,OK,UNKNOWN,6148,Other,1,0,0
/src/main/resources/log4j.properties,properties,Other,OK,UNKNOWN,978,Other,17,0,3
/src/main/resources/jefUtf8ConvFull_kddi.tsv,tsv,Other,OK,UNKNOWN,65397,Other,7288,0,0
/src/main/resources/jefUtf8ConvFull.tsv,tsv,Other,OK,UNKNOWN,65466,Other,7288,0,0
/src/main/resources/jefUtf8ConvHalf.tsv,tsv,Other,OK,UNKNOWN,791,Other,133,0,0
/src/main/resources/templates/base.md,md,Other,OK,UNKNOWN,354,Other,14,0,13
/src/main/resources/templates/joinDf.md,md,Other,OK,UNKNOWN,462,Other,13,0,9
/src/main/resources/templates/unionDf.md,md,Other,OK,UNKNOWN,173,Other,4,0,3
/src/main/resources/templates/singleReadPq.md,md,Other,OK,UNKNOWN,87,Other,3,0,1
/src/main/resources/templates/joinPq.md,md,Other,OK,UNKNOWN,529,Other,19,0,13
/src/main/resources/templates/multiReadDb.md,md,Other,OK,UNKNOWN,242,Other,5,0,1
/src/main/resources/templates/readDb.md,md,Other,OK,UNKNOWN,474,Other,14,0,9
/src/main/resources/templates/readFile.md,md,Other,OK,UNKNOWN,1370,Other,42,0,28
/src/main/resources/templates/writeFile.md,md,Other,OK,UNKNOWN,1075,Other,29,0,20
/src/main/resources/templates/toVal.md,md,Other,OK,UNKNOWN,98,Other,4,0,3
/src/main/resources/templates/singleReadDb.md,md,Other,OK,UNKNOWN,95,Other,3,0,1
/src/main/resources/templates/writePq.md,md,Other,OK,UNKNOWN,360,Other,10,0,7
/src/main/resources/templates/multiReadPq.md,md,Other,OK,UNKNOWN,220,Other,5,0,1
/src/main/resources/templates/writeDb.md,md,Other,OK,UNKNOWN,906,Other,28,0,19
/src/main/resources/templates/readPq.md,md,Other,OK,UNKNOWN,389,Other,11,0,7
/src/main/resources/finderTemplates/rrResult.tmpl,tmpl,Other,OK,UNKNOWN,450,Other,15,0,7
/src/main/resources/finderTemplates/rirResult.tmpl,tmpl,Other,OK,UNKNOWN,660,Other,16,0,6
/src/main/resources/finderTemplates/irResult.tmpl,tmpl,Other,OK,UNKNOWN,400,Other,12,0,5
/src/main/resources/finderTemplates/garResult.tmpl,tmpl,Other,OK,UNKNOWN,498,Other,12,0,4
/src/main/resources/finderTemplates/irrResult.tmpl,tmpl,Other,OK,UNKNOWN,795,Other,16,0,6
/src/main/resources/genTemplates/impl╞ÆL╞Æ╞Æ╞ÆX╞Æg.tmpl,tmpl,Other,OK,UNKNOWN,94,Other,4,0,0
/src/main/resources/genTemplates/implσåìσêåσë▓.tmpl,tmpl,Other,OK,UNKNOWN,104,Other,3,0,0
/src/main/resources/genTemplates/implUDFΘûóµò░σ«Üτ╛⌐.tmpl,tmpl,Other,OK,UNKNOWN,78,Other,6,0,0
/src/main/resources/genTemplates/main.tmpl,tmpl,Other,OK,UNKNOWN,583,Other,23,0,5
/src/main/resources/genTemplates/implπé»πéÖπâ½πâ╝πâòπéÜµè╜σç║.tmpl,tmpl,Other,OK,UNKNOWN,125,Other,6,0,0
/src/main/resources/genTemplates/impl╞ÆL╞Æ╞Æ╞Æb╞ÆV╞ÆΓÇªΓÇ░g╠åΓÇóu╠ü.tmpl,tmpl,Other,OK,UNKNOWN,92,Other,3,0,0
/src/main/resources/genTemplates/implσà¿Σ╜ôτ╖¿Θ¢å.tmpl,tmpl,Other,OK,UNKNOWN,103,Other,4,0,0
/src/main/resources/genTemplates/implUDFΘûóµò░Θü⌐τö¿.tmpl,tmpl,Other,OK,UNKNOWN,94,Other,4,0,0
/src/main/resources/genTemplates/implµè╜σç║.tmpl,tmpl,Other,OK,UNKNOWN,105,Other,4,0,0
/src/main/resources/genTemplates/impl╞ÆL╞Æ╞Æ╞Æb╞ÆV╞ÆΓÇª.tmpl,tmpl,Other,OK,UNKNOWN,88,Other,3,0,0
/src/main/resources/genTemplates/impliment.tmpl,tmpl,Other,OK,UNKNOWN,110,Other,4,0,2
/src/main/resources/genTemplates/implΘ¢åΦ¿ê.tmpl,tmpl,Other,OK,UNKNOWN,121,Other,6,0,0
/src/main/resources/genTemplates/component.tmpl,tmpl,Other,OK,UNKNOWN,182,Other,6,0,0
/src/main/resources/genTemplates/implΘâ¿σêåτ╖¿Θ¢å.tmpl,tmpl,Other,OK,UNKNOWN,94,Other,4,0,0
/src/main/resources/genTemplates/implΘûóµò░σ«Üτ╛⌐.tmpl,tmpl,Other,OK,UNKNOWN,140,Other,9,0,0
/src/main/resources/genTemplates/testcaseAt.tmpl,tmpl,Other,OK,UNKNOWN,425,Other,14,0,3
/src/main/resources/genTemplates/implΓÇÿIΓÇÿs╠î.tmpl,tmpl,Other,OK,UNKNOWN,99,Other,4,0,0
/src/main/resources/genTemplates/implσç║σè¢Θáàτ¢«Σ╕ªπü▓πéÖµ¢┐πüê.tmpl,tmpl,Other,OK,UNKNOWN,99,Other,4,0,0
/src/main/resources/genTemplates/sqlMain.tmpl,tmpl,Other,OK,UNKNOWN,33,Other,2,0,0
/src/main/resources/genTemplates/rc/appMd.tmpl,tmpl,Other,OK,UNKNOWN,607,Other,21,0,13
/src/main/resources/kanaConv/kanaConv.org,org,Other,OK,UNKNOWN,666,Other,222,0,0
/src/main/resources/kanaConv/kanaConvSearch.converted,converted,Other,OK,UNKNOWN,688,Other,218,0,17
/src/main/resources/kanaConv/kanaConvSearch.org,org,Other,OK,UNKNOWN,927,Other,234,0,1
/src/main/resources/kanaConv/kanaConv.converted,converted,Other,OK,UNKNOWN,472,Other,211,0,11
/src/main/scala/.DS_Store,ds_store,Other,OK,UNKNOWN,6148,Other,4,0,0
/src/main/scala/d2k/.DS_Store,ds_store,Other,OK,UNKNOWN,6148,Other,1,0,0
/src/main/scala/d2k/appdefdoc/parser/ComponentDefParser.scala,scala,Scala,OK,FALSE,23034,Code,469,1,68
/src/main/scala/d2k/appdefdoc/parser/ItemDefParser.scala,scala,Scala,OK,FALSE,1765,Code,40,0,10
/src/main/scala/d2k/appdefdoc/parser/ComponentFlowParser.scala,scala,Scala,OK,FALSE,1214,Code,30,0,9
/src/main/scala/d2k/appdefdoc/parser/AppDefParser.scala,scala,Scala,OK,FALSE,4018,Code,65,0,17
/src/main/scala/d2k/appdefdoc/parser/D2kParser.scala,scala,Scala,OK,FALSE,1142,Code,25,0,6
/src/main/scala/d2k/appdefdoc/gen/appdef/ApplicationDefGenerator.scala,scala,Scala,OK,FALSE,3523,Code,90,0,15
/src/main/scala/d2k/appdefdoc/gen/test/TestGenerator.scala,scala,Scala,OK,FALSE,282,Code,6,0,2
/src/main/scala/d2k/appdefdoc/gen/test/GenerateTestCase.scala,scala,Scala,OK,FALSE,5049,Code,98,0,15
/src/main/scala/d2k/appdefdoc/gen/tmpl/TemplateCatalogGenerator.scala,scala,Scala,OK,FALSE,2616,Code,60,0,17
/src/main/scala/d2k/appdefdoc/gen/sql/SqlLogicParser.scala,scala,Scala,OK,FALSE,1341,Code,29,0,7
/src/main/scala/d2k/appdefdoc/gen/sql/SqlDefParser.scala,scala,Scala,OK,FALSE,2735,Code,53,0,13
/src/main/scala/d2k/appdefdoc/gen/sql/SqlGenerator.scala,scala,Scala,OK,FALSE,1637,Code,40,0,9
/src/main/scala/d2k/appdefdoc/gen/rc/RoughConceptGenerator.scala,scala,Scala,OK,FALSE,6727,Code,152,0,21
/src/main/scala/d2k/appdefdoc/gen/dic/GenerateDictionary.scala,scala,Scala,OK,FALSE,3229,Code,68,0,11
/src/main/scala/d2k/appdefdoc/gen/dic/DictionaryGenerator.scala,scala,Scala,OK,FALSE,230,Code,6,0,2
/src/main/scala/d2k/appdefdoc/gen/src/ItemReplace.scala,scala,Scala,OK,FALSE,8897,Code,190,0,23
/src/main/scala/d2k/appdefdoc/gen/src/ConvertTemplateDefine.scala,scala,Scala,OK,FALSE,8881,Code,174,0,15
/src/main/scala/d2k/appdefdoc/gen/src/FlowLogicGenerator.scala,scala,Scala,OK,FALSE,1085,Code,35,0,7
/src/main/scala/d2k/appdefdoc/gen/src/SourceGenerator.scala,scala,Scala,OK,FALSE,7348,Code,137,0,21
/src/main/scala/d2k/appdefdoc/finder/ResourceItemRouteFinder.scala,scala,Scala,OK,FALSE,4569,Code,79,0,17
/src/main/scala/d2k/appdefdoc/finder/ItemRenameRouteFinder.scala,scala,Scala,OK,FALSE,5152,Code,89,0,16
/src/main/scala/d2k/appdefdoc/finder/ResourceRelationFinder.scala,scala,Scala,OK,FALSE,953,Code,20,0,8
/src/main/scala/d2k/appdefdoc/finder/Commons.scala,scala,Scala,OK,FALSE,13049,Code,258,0,32
/src/main/scala/d2k/appdefdoc/finder/GeneratingApplicationRouteFinder.scala,scala,Scala,OK,FALSE,3805,Code,71,0,14
/src/main/scala/d2k/appdefdoc/finder/ItemReferenceFinder.scala,scala,Scala,OK,FALSE,3889,Code,74,0,18
/src/main/scala/d2k/appdefdoc/finder/appErrorDetect.scala,scala,Scala,OK,FALSE,4561,Code,28,68,15
/src/main/scala/d2k/appdefdoc/finder/jsonbase/ResourceItemRouteFinder.scala,scala,Scala,OK,FALSE,4899,Code,85,0,16
/src/main/scala/d2k/appdefdoc/finder/jsonbase/ItemRenameRouteFinder.scala,scala,Scala,OK,FALSE,5641,Code,97,0,19
/src/main/scala/d2k/appdefdoc/finder/jsonbase/ResourceRelationFinder.scala,scala,Scala,OK,FALSE,1533,Code,32,0,13
/src/main/scala/d2k/appdefdoc/finder/jsonbase/Commons.scala,scala,Scala,OK,FALSE,4443,Code,94,0,16
/src/main/scala/d2k/appdefdoc/finder/jsonbase/GeneratingApplicationRouteFinder.scala,scala,Scala,OK,FALSE,4401,Code,83,0,18
/src/main/scala/d2k/appdefdoc/finder/jsonbase/ItemReferenceFinder.scala,scala,Scala,OK,FALSE,4527,Code,84,0,19
/src/main/scala/d2k/app/test/common/MarkdownTester.scala,scala,Scala,OK,FALSE,1567,Code,32,0,9
/src/main/scala/d2k/app/test/common/MakeDf.scala,scala,Scala,OK,FALSE,3065,Code,68,0,14
/src/main/scala/d2k/app/test/common/D2kTest_.scala,scala,Scala,OK,FALSE,7465,Code,202,0,32
/src/main/scala/d2k/app/test/common/TestArgs.scala,scala,Scala,OK,FALSE,592,Code,10,0,3
/src/main/scala/d2k/app/test/common/ExcelConverter.scala,scala,Scala,OK,FALSE,2150,Code,57,0,8
/src/main/scala/d2k/common/MakeDate.scala,scala,Scala,OK,FALSE,2302,Code,42,0,9
/src/main/scala/d2k/common/.DS_Store,ds_store,Other,OK,UNKNOWN,6148,Other,3,0,0
/src/main/scala/d2k/common/KanaConverter.scala,scala,Scala,OK,FALSE,1178,Code,15,0,6
/src/main/scala/d2k/common/DateConverter.scala,scala,Scala,OK,FALSE,516,Code,16,0,3
/src/main/scala/d2k/common/ResourceInfo.scala,scala,Scala,OK,FALSE,69,Code,4,0,2
/src/main/scala/d2k/common/ResourceDates.scala,scala,Scala,OK,FALSE,1463,Code,31,12,6
/src/main/scala/d2k/common/SparkApp.scala,scala,Scala,OK,FALSE,1148,Code,34,0,9
/src/main/scala/d2k/common/PostCodeNormalizer.scala,scala,Scala,OK,FALSE,1086,Code,28,0,5
/src/main/scala/d2k/common/MD5Utils.scala,scala,Scala,OK,FALSE,1103,Code,34,0,5
/src/main/scala/d2k/common/Logging.scala,scala,Scala,OK,FALSE,621,Code,16,0,5
/src/main/scala/d2k/common/JefConverter.scala,scala,Scala,OK,FALSE,2701,Code,60,0,12
/src/main/scala/d2k/common/InputArgs.scala,scala,Scala,OK,FALSE,4231,Code,87,0,12
/src/main/scala/d2k/common/ResourceRunningEnvs.scala,scala,Scala,OK,FALSE,787,Code,23,1,4
/src/main/scala/d2k/common/Udfs.scala,scala,Scala,OK,FALSE,11956,Code,276,2,52
/src/main/scala/d2k/common/MakeResource.scala,scala,Scala,OK,FALSE,19197,Code,365,0,44
/src/main/scala/d2k/common/file/output/VariableFile.scala,scala,Scala,OK,FALSE,6809,Code,138,0,17
/src/main/scala/d2k/common/file/output/FixedFileWithConfFile.scala,scala,Scala,OK,FALSE,2095,Code,58,3,10
/src/main/scala/d2k/common/file/output/FixedFile.scala,scala,Scala,OK,FALSE,5385,Code,123,0,18
/src/main/scala/d2k/common/df/WritePq.scala,scala,Scala,OK,FALSE,751,Code,21,0,4
/src/main/scala/d2k/common/df/.DS_Store,ds_store,Other,OK,UNKNOWN,6148,Other,3,0,0
/src/main/scala/d2k/common/df/CommonServices.scala,scala,Scala,OK,FALSE,1055,Code,21,0,4
/src/main/scala/d2k/common/df/SingleReadDb.scala,scala,Scala,OK,FALSE,292,Code,9,0,3
/src/main/scala/d2k/common/df/SingleReadPq.scala,scala,Scala,OK,FALSE,296,Code,9,0,3
/src/main/scala/d2k/common/df/ReadPq.scala,scala,Scala,OK,FALSE,1121,Code,23,8,5
/src/main/scala/d2k/common/df/InputInfo.scala,scala,Scala,OK,FALSE,3362,Code,66,2,17
/src/main/scala/d2k/common/df/MultiReadPq.scala,scala,Scala,OK,FALSE,325,Code,10,0,3
/src/main/scala/d2k/common/df/WriteFile.scala,scala,Scala,OK,FALSE,4314,Code,71,18,17
/src/main/scala/d2k/common/df/MultiReadDb.scala,scala,Scala,OK,FALSE,314,Code,9,0,3
/src/main/scala/d2k/common/df/ReadDb.scala,scala,Scala,OK,FALSE,2065,Code,42,9,8
/src/main/scala/d2k/common/df/WriteDb.scala,scala,Scala,OK,FALSE,5256,Code,95,38,18
/src/main/scala/d2k/common/df/Executor.scala,scala,Scala,OK,FALSE,176,Code,6,0,3
/src/main/scala/d2k/common/df/ReadFile.scala,scala,Scala,OK,FALSE,379,Code,12,0,3
/src/main/scala/d2k/common/df/component/cmn/README.md,md,Other,OK,UNKNOWN,3090,Other,53,0,36
/src/main/scala/d2k/common/df/component/cmn/PostCodeConverter.scala,scala,Scala,OK,FALSE,2544,Code,64,0,15
/src/main/scala/d2k/common/df/component/sh/README.md,md,Other,OK,UNKNOWN,3844,Other,53,0,32
/src/main/scala/d2k/common/df/component/sh/CommissionBaseChannelSelector.scala,scala,Scala,OK,FALSE,1969,Code,30,0,6
/src/main/scala/d2k/common/df/mixIn/OraLoaderHdfs.scala,scala,Scala,OK,FALSE,404,Code,10,0,3
/src/main/scala/d2k/common/df/mixIn/OraLoader.scala,scala,Scala,OK,FALSE,397,Code,10,0,3
/src/main/scala/d2k/common/df/executor/ConvNa.scala,scala,Scala,OK,FALSE,1168,Code,29,0,7
/src/main/scala/d2k/common/df/executor/BinaryRecordConverter.scala,scala,Scala,OK,FALSE,2117,Code,39,0,7
/src/main/scala/d2k/common/df/executor/Nothing_.scala,scala,Scala,OK,FALSE,313,Code,9,0,3
/src/main/scala/d2k/common/df/executor/PqCommonColumnRemover.scala,scala,Scala,OK,FALSE,546,Code,13,0,4
/src/main/scala/d2k/common/df/executor/DbOutputCommonFunctions.scala,scala,Scala,OK,FALSE,539,Code,14,0,4
/src/main/scala/d2k/common/df/executor/RowErrorRemover.scala,scala,Scala,OK,FALSE,429,Code,11,0,4
/src/main/scala/d2k/common/df/executor/face/DomainConverter.scala,scala,Scala,OK,FALSE,1111,Code,21,3,5
/src/main/scala/d2k/common/df/template/DfJoinVariableToDf.scala,scala,Scala,OK,FALSE,409,Code,9,0,3
/src/main/scala/d2k/common/df/template/PqToXxx.scala,scala,Scala,OK,FALSE,939,Code,20,0,7
/src/main/scala/d2k/common/df/template/DfJoinToDf.scala,scala,Scala,OK,FALSE,408,Code,9,0,3
/src/main/scala/d2k/common/df/template/FileToXxx.scala,scala,Scala,OK,FALSE,1123,Code,23,0,8
/src/main/scala/d2k/common/df/template/MultiDbToMapDf.scala,scala,Scala,OK,FALSE,425,Code,9,0,3
/src/main/scala/d2k/common/df/template/MultiPqToMapDf.scala,scala,Scala,OK,FALSE,425,Code,9,0,3
/src/main/scala/d2k/common/df/template/DfToXxx.scala,scala,Scala,OK,FALSE,964,Code,20,0,7
/src/main/scala/d2k/common/df/template/DfUnionToDf.scala,scala,Scala,OK,FALSE,411,Code,9,0,3
/src/main/scala/d2k/common/df/template/PqJoinToPq.scala,scala,Scala,OK,FALSE,409,Code,9,0,3
/src/main/scala/d2k/common/df/template/DbToXxx.scala,scala,Scala,OK,FALSE,939,Code,20,0,7
/src/main/scala/d2k/common/df/template/DfJoinPqToDf.scala,scala,Scala,OK,FALSE,401,Code,9,0,3
/src/main/scala/d2k/common/df/template/sh/CommissionBaseChannelSelectorTmpl.scala,scala,Scala,OK,FALSE,3402,Code,72,2,23
/src/main/scala/d2k/common/df/template/base/FileToAny.scala,scala,Scala,OK,FALSE,360,Code,9,0,3
/src/main/scala/d2k/common/df/template/base/AnyToDb.scala,scala,Scala,OK,FALSE,357,Code,9,0,3
/src/main/scala/d2k/common/df/template/base/MultiAnyToMapDf.scala,scala,Scala,OK,FALSE,396,Code,9,0,3
/src/main/scala/d2k/common/df/template/base/DfJoinMultiPqToAny.scala,scala,Scala,OK,FALSE,1373,Code,27,0,6
/src/main/scala/d2k/common/df/template/base/DfJoinVariableToAny.scala,scala,Scala,OK,FALSE,1600,Code,36,0,6
/src/main/scala/d2k/common/df/template/base/AnyToPq_Db.scala,scala,Scala,OK,FALSE,576,Code,16,0,4
/src/main/scala/d2k/common/df/template/base/MultiPqToMultiAny.scala,scala,Scala,OK,FALSE,390,Code,9,0,3
/src/main/scala/d2k/common/df/template/base/AnyToPq.scala,scala,Scala,OK,FALSE,362,Code,9,0,3
/src/main/scala/d2k/common/df/template/base/TwoAnyToDf.scala,scala,Scala,OK,FALSE,321,Code,8,0,3
/src/main/scala/d2k/common/df/template/base/AnyToVal.scala,scala,Scala,OK,FALSE,397,Code,10,0,3
/src/main/scala/d2k/common/df/template/base/TwoDfJoinToAny.scala,scala,Scala,OK,FALSE,1352,Code,28,0,9
/src/main/scala/d2k/common/df/template/base/TwoDfUnionToAny.scala,scala,Scala,OK,FALSE,381,Code,9,0,3
/src/main/scala/d2k/common/df/template/base/MultiDbToMultiAny.scala,scala,Scala,OK,FALSE,385,Code,9,0,3
/src/main/scala/d2k/common/df/template/base/TwoAnyToPq.scala,scala,Scala,OK,FALSE,377,Code,9,0,3
/src/main/scala/d2k/common/df/template/base/AnyToDf.scala,scala,Scala,OK,FALSE,306,Code,8,0,3
/src/main/scala/d2k/common/df/template/base/PqToAny.scala,scala,Scala,OK,FALSE,369,Code,9,0,3
/src/main/scala/d2k/common/df/template/base/DbToAny.scala,scala,Scala,OK,FALSE,364,Code,9,0,3
/src/main/scala/d2k/common/df/template/base/DfToAny.scala,scala,Scala,OK,FALSE,318,Code,8,0,3
/src/main/scala/d2k/common/df/template/base/TwoAnyToDb.scala,scala,Scala,OK,FALSE,372,Code,9,0,3
/src/main/scala/d2k/common/df/template/base/AnyToFile.scala,scala,Scala,OK,FALSE,365,Code,9,0,3
/src/main/scala/d2k/common/df/template/base/TwoPqJoinToAny.scala,scala,Scala,OK,FALSE,812,Code,19,0,4
/src/main/scala/d2k/common/df/flow/OneInToMapOutForDf.scala,scala,Scala,OK,FALSE,1291,Code,37,0,11
/src/main/scala/d2k/common/df/flow/OneInToOneOutForDf.scala,scala,Scala,OK,FALSE,1189,Code,38,0,11
/src/main/scala/d2k/common/df/flow/TwoInToOneOutForDf.scala,scala,Scala,OK,FALSE,1249,Code,38,0,11
/src/main/scala/d2k/common/df/flow/base/TwoInToOneOut.scala,scala,Scala,OK,FALSE,370,Code,8,0,5
/src/main/scala/d2k/common/df/flow/base/OneInToMapOut.scala,scala,Scala,OK,FALSE,421,Code,9,0,6
/src/main/scala/d2k/common/df/flow/base/OneInToOneOut.scala,scala,Scala,OK,FALSE,341,Code,8,0,6
/src/main/scala/d2k/common/fileConv/ConfParser.scala,scala,Scala,OK,FALSE,3844,Code,75,0,12
/src/main/scala/d2k/common/fileConv/FixedConverter.scala,scala,Scala,OK,FALSE,7210,Code,130,0,21
/src/main/scala/d2k/common/fileConv/TextConverter.scala,scala,Scala,OK,FALSE,1601,Code,30,0,5
/src/main/scala/d2k/common/fileConv/FileConv.scala,scala,Scala,OK,FALSE,2757,Code,55,1,6
/src/main/scala/d2k/common/fileConv/DomainProcessor.scala,scala,Scala,OK,FALSE,16771,Code,302,12,47
/src/main/scala/d2k/common/fileConv/Converter.scala,scala,Scala,OK,FALSE,3614,Code,81,0,12
/src/main/scala/org/apache/spark/sql/JdbcCtl.scala,scala,Scala,OK,FALSE,2180,Code,48,0,6
/src/main/scala/spark/common/FileCtl.scala,scala,Scala,OK,FALSE,2528,Code,59,0,15
/src/main/scala/spark/common/PqCtl.scala,scala,Scala,OK,FALSE,2779,Code,55,0,13
/src/main/scala/spark/common/SparkContexts.scala,scala,Scala,OK,FALSE,438,Code,12,0,3
/src/main/scala/spark/common/DbCtl.scala,scala,Scala,OK,FALSE,15429,Code,317,6,49
/src/main/scala/spark/common/Logging.scala,scala,Scala,OK,FALSE,574,Code,15,0,5
/src/main/scala/spark/common/DfCtl.scala,scala,Scala,OK,FALSE,7519,Code,171,0,35
/src/test/.DS_Store,ds_store,Other,OK,UNKNOWN,6148,Other,2,0,0
/src/test/resources/itemConf/projectId_items_binrecPre.conf,conf,Other,OK,UNKNOWN,127,Other,3,0,1
/src/test/resources/itemConf/projectId_items_res.conf,conf,Other,OK,UNKNOWN,58,Other,2,0,1
/src/test/resources/itemConf/projectId_items_binrecPost.conf,conf,Other,OK,UNKNOWN,115,Other,3,0,1
/src/test/resources/itemConf/projectId_items_binrecPreNoItem.conf,conf,Other,OK,UNKNOWN,100,Other,3,0,1
/src/test/resources/itemConf/projectId_items_fixed_jef_sample_post.conf,conf,Other,OK,UNKNOWN,981,Other,26,0,1
/src/test/resources/itemConf/projectId_items_fixed_jef_sample_pre.conf,conf,Other,OK,UNKNOWN,1085,Other,26,0,1
/src/test/resources/itemConf/projectId_items_test2.conf,conf,Other,OK,UNKNOWN,129,Other,4,0,1
/src/test/resources/itemConf/projectId_app.conf,conf,Other,OK,UNKNOWN,70,Other,1,0,1
/src/test/resources/itemConf/projectId_items_test1.conf,conf,Other,OK,UNKNOWN,96,Other,3,0,1
/src/test/scala/d2k/appdefdoc/parser/ComponentFlowParserTest.scala,scala,Scala,OK,FALSE,1356,Code,24,0,4
/src/test/scala/d2k/appdefdoc/gen/test/GenerateTestCaseTest.scala,scala,Scala,OK,FALSE,415,Code,13,0,3
/src/test/scala/d2k/appdefdoc/gen/dic/DictionaryGeneratorTest.scala,scala,Scala,OK,FALSE,493,Code,15,0,2
/src/test/scala/d2k/appdefdoc/gen/src/SourceGeneratorTest.scala,scala,Scala,OK,FALSE,978,Code,24,0,3
/src/test/scala/d2k/app/test/common/TestToolsTest.scala,scala,Scala,OK,FALSE,1126,Code,30,0,5
/src/test/scala/d2k/common/InputArgsTest.scala,scala,Scala,OK,FALSE,6694,Code,175,0,34
/src/test/scala/d2k/common/DateConverterTest.scala,scala,Scala,OK,FALSE,716,Code,23,0,5
/src/test/scala/d2k/common/MakeResourceTest.scala,scala,Scala,OK,FALSE,573,Code,18,0,3
/src/test/scala/d2k/common/SparkAppTest.scala,scala,Scala,OK,FALSE,982,Code,32,0,7
/src/test/scala/d2k/common/JefConverterTest.scala,scala,Scala,OK,FALSE,3694,Code,93,0,22
/src/test/scala/d2k/common/PostCodeNormalizerTest.scala,scala,Scala,OK,FALSE,2353,Code,43,0,6
/src/test/scala/d2k/common/UdfsTest.scala,scala,Scala,OK,FALSE,38451,Code,794,5,120
/src/test/scala/d2k/common/TestArgs.scala,scala,Scala,OK,FALSE,610,Code,12,0,3
/src/test/scala/d2k/common/KanaConverterTest.scala,scala,Scala,OK,FALSE,453,Code,14,0,4
/src/test/scala/d2k/common/HiRDBTest.scala,scala,Scala,OK,FALSE,454,Code,13,0,3
/src/test/scala/d2k/common/file/output/FixedFileTest.scala,scala,Scala,OK,FALSE,11812,Code,222,0,32
/src/test/scala/d2k/common/file/output/VariableFileTest.scala,scala,Scala,OK,FALSE,20425,Code,327,0,30
/src/test/scala/d2k/common/df/WriteFilePartitionTest.scala,scala,Scala,OK,FALSE,7163,Code,180,0,39
/src/test/scala/d2k/common/df/WriteFileTest.scala,scala,Scala,OK,FALSE,12797,Code,313,0,37
/src/test/scala/d2k/common/df/HiRDB_readTest.scala,scala,Scala,OK,FALSE,5157,Code,127,1,18
/src/test/scala/d2k/common/df/ReadDbTest.scala,scala,Scala,OK,FALSE,9914,Code,250,0,22
/src/test/scala/d2k/common/df/DbConnectionInfoTest.scala,scala,Scala,OK,FALSE,1439,Code,50,0,8
/src/test/scala/d2k/common/df/WriteDbTest.scala,scala,Scala,OK,FALSE,34131,Code,681,0,105
/src/test/scala/d2k/common/df/WritePqTest.scala,scala,Scala,OK,FALSE,2845,Code,77,0,21
/src/test/scala/d2k/common/df/testdata.sql,sql,SQL,OK,FALSE,1449,Code,49,0,7
/src/test/scala/d2k/common/df/ReadPqTest.scala,scala,Scala,OK,FALSE,5154,Code,116,0,15
/src/test/scala/d2k/common/df/component/cmn/PostCodeConverterTest.scala,scala,Scala,OK,FALSE,14442,Code,283,0,50
/src/test/scala/d2k/common/df/component/sh/CommissionBaseChannelSelectorTest.scala,scala,Scala,OK,FALSE,4954,Code,117,0,16
/src/test/scala/d2k/common/df/component/sh/testCases.md,md,Other,OK,UNKNOWN,11956,Other,103,0,15
/src/test/scala/d2k/common/df/component/sh/MAA300.sql,sql,SQL,OK,FALSE,2097,Code,30,0,3
/src/test/scala/d2k/common/df/mixIn/OraLoaderHdfsTest.scala,scala,Scala,OK,FALSE,1034,Code,29,0,5
/src/test/scala/d2k/common/df/mixIn/OraLoaderTest.scala,scala,Scala,OK,FALSE,916,Code,27,0,5
/src/test/scala/d2k/common/df/executor/PqCommonColumnRemoverTest.scala,scala,Scala,OK,FALSE,1272,Code,26,0,4
/src/test/scala/d2k/common/df/executor/NothingTest.scala,scala,Scala,OK,FALSE,827,Code,24,0,4
/src/test/scala/d2k/common/df/executor/ConvNaTest.scala,scala,Scala,OK,FALSE,4075,Code,124,0,25
/src/test/scala/d2k/common/df/executor/face/DomainConvereterTest.scala,scala,Scala,OK,FALSE,4793,Code,97,0,32
/src/test/scala/d2k/common/df/template/DfUnionToDfTest.scala,scala,Scala,OK,FALSE,881,Code,25,0,3
/src/test/scala/d2k/common/df/template/FileToXxxTest.scala,scala,Scala,OK,FALSE,19352,Code,446,0,44
/src/test/scala/d2k/common/df/template/FileToPq_DbTest.scala,scala,Scala,OK,FALSE,2534,Code,60,0,10
/src/test/scala/d2k/common/df/template/DfJoinPqToDfTest.scala,scala,Scala,OK,FALSE,8464,Code,168,0,29
/src/test/scala/d2k/common/df/template/DfToFileTest.scala,scala,Scala,OK,FALSE,2572,Code,61,0,10
/src/test/scala/d2k/common/df/template/FileToDf_UTF8Test.scala,scala,Scala,OK,FALSE,971,Code,28,0,5
/src/test/scala/d2k/common/df/template/testTable.sql,sql,SQL,OK,FALSE,520,Code,11,0,2
/src/test/scala/d2k/common/df/template/DfJoinVariableToDfTest.scala,scala,Scala,OK,FALSE,21059,Code,402,0,79
/src/test/scala/d2k/common/df/template/base/DfUnionToDfTest.scala,scala,Scala,OK,FALSE,2093,Code,55,0,9
/src/test/scala/d2k/common/fileConv/DomainProcessorTest.scala,scala,Scala,OK,FALSE,28824,Code,665,22,124
/src/test/scala/d2k/common/fileConv/FileConvPartition1Test.scala,scala,Scala,OK,FALSE,730,Code,21,0,5
/src/test/scala/d2k/common/fileConv/BinaryRecordTest.scala,scala,Scala,OK,FALSE,9718,Code,219,0,26
/src/test/scala/d2k/common/fileConv/DomainProcessorJefTest.scala,scala,Scala,OK,FALSE,9882,Code,205,0,8
/src/test/scala/d2k/common/fileConv/FileConvPartition2Test.scala,scala,Scala,OK,FALSE,735,Code,21,0,5
/src/test/scala/d2k/common/fileConv/ConfParserTest.scala,scala,Scala,OK,FALSE,2727,Code,70,0,14
/src/test/scala/d2k/common/fileConv/FileConvTest.scala,scala,Scala,OK,FALSE,2973,Code,83,0,14
/src/test/scala/org/apache/spark/sql/JdbcCtlTest.scala,scala,Scala,OK,FALSE,3085,Code,72,0,6
/src/test/scala/spark/common/PqCtlTest.scala,scala,Scala,OK,FALSE,1915,Code,60,0,7
/src/test/scala/spark/common/DbCtlTest.scala,scala,Scala,OK,FALSE,68901,Code,1375,0,206
/src/test/scala/spark/common/DfCtlTest.scala,scala,Scala,OK,FALSE,16411,Code,425,0,31
/src/test/scala/spark/common/FileCtlTest.scala,scala,Scala,OK,FALSE,4050,Code,101,0,17
/src/test/scala/spark/common/DbCtlWithHintTest.scala,scala,Scala,OK,FALSE,2248,Code,56,0,10
/src/test/scala/spark/common/testdata.sql,sql,SQL,OK,FALSE,3967,Code,198,0,27
/src/test/scala/spark/common/LargeInsertTest.scala,scala,Scala,OK,FALSE,3545,Code,75,1,17
/src/test/scala/spark/common/DbInfoTest.scala,scala,Scala,OK,FALSE,2068,Code,52,0,10
